Title,Author,Date,Thematic
Quel avenir pour les tarifs régulés de vente d’électricité ?,Stefan Ambec & Claude Crampes,27 Novembre 2024,ENERGIE
IA: techno-pessimisme ou techno-optimisme?,Frédéric Cherbonnier,26 Novembre 2024,SCIENCE
TSE MAG 27 – L'IA va-t-elle guérir le monde ?,Pierre Dubois,22 Novembre 2024,SANTÉ
TSE MAG 27 – Un jeu de vie et de mort,,22 Novembre 2024,SANTÉ
TSE MAG 27 – Tisser des liens,Marion Hoffman,22 Novembre 2024,SANTÉ
TSE MAG 27 – La technologie nous déprime-t-elle ?,Manvir Singh,20 Novembre 2024,SANTÉ
TSE MAG 27 – Le bonheur est-il genré ?,Olympia Campbell,20 Novembre 2024,SANTÉ
TSE MAG 27 – Accès au soin,Angélique Acquatella,20 Novembre 2024,SANTÉ
TSE MAG 27 – Vision 3V,Marion Desquilbet,19 Novembre 2024,SANTÉ
TSE MAG 27 – Malbouffe toxique,Céline Bonnet & Catarina Goulão,19 Novembre 2024,SANTÉ
TSE MAG 27 - La vie moderne est-elle néfaste?,Jonathan Stieglitz,19 Novembre 2024,SANTÉ
TSE MAG 27 - L'économie est bonne pour vous,Jean Tirole,19 Novembre 2024,SANTÉ
Santé : du courage politique pour une réforme de fond,Frédéric Cherbonnier,17 Octobre 2024,HISTOIRE
Pesticides : l’Anses doit s’appuyer sur toutes les données scientifiques non biaisées par des conflits d’intérêts,Marion Desquilbet,3 Octobre 2024,SANTÉ
Coopération européenne pour la mise au point de petits réacteurs modulaires,Claude Crampes & Gilles Lafforgue,27 Septembre 2024,ENERGIE
Lutte contre la pauvreté: où est la gauche?,Frédéric Cherbonnier,17 Septembre 2024,PUBLIC POLICY
Sommet du Bien Commun - Santé : l'espoir de l'IA,Pierre Dubois,8 Juillet 2024,SANTÉ
Sommet du Bien Commun - Mettre fin à la pauvreté sur une planète vivable,Stéphane Straub,8 Juillet 2024,DÉVELOPPEMENT
Sommet du Bien Commun - Mobilité : peut-on s’en remettre aux énergies renouvelables?,Marc Ivaldi,8 Juillet 2024,TRANSPORT
Sommet du Bien Commun - Transition juste : repenser le sens de notre existence,Ingela Alger,8 Juillet 2024,CLIMAT
Sommet du Bien Commun - Finance verte : donner les bons signaux et réduire l’incertitude,Ulrich Hege,8 Juillet 2024,CLIMAT
Sommet du Bien Commun - Le progrès du génie humain,Sylvain Chabé-Ferret,8 Juillet 2024,CLIMAT
Lever le tabou de l'impôt,Frédéric Cherbonnier,28 Juin 2024,PUBLIC POLICY
Le temps d’une paix en Ukraine,Marcel Boyer,18 Juin 2024,EUROPE
Ukraine : Un projet de paix,Marcel Boyer,17 Juin 2024,ECONOMIE POLITIQUE
"Assurance-chômage, une stigmatisation excessive",Frédéric Cherbonnier,23 Mai 2024,LABOUR
The Divine Marketplace Is Pretty Crowded,Paul Seabright,16 Mai 2024,HISTORY
Du bon usage des pénalités pour infraction aux règles de concurrence dans le secteur de l’énergie,Stefan Ambec & Claude Crampes,14 Mai 2024,ENERGIE
La fatigue climatique fait le jeu du Rassemblement national,Christian Gollier,2 Mai 2024,EUROPE
TSE MAG 26 - Comment lutter contre le changement climatique,Christian Gollier & Jean-Marc Jancovici,22 Avril 2024,ENVIRONNEMENT
TSE MAG 26 - Croissance de l'empathie,Ingela Alger,22 Avril 2024,ENVIRONNEMENT
TSE MAG 26 - Comment utiliser notre budget carbone,Stefan Ambec & Claude Crampes,22 Avril 2024,ENVIRONNEMENT
TSE MAG 26 - Le repas du futur,Zohra Bouamra-Mechemache & Vincent Réquillart,22 Avril 2024,ENVIRONNEMENT
TSE MAG 26 - Cantines végés? Passer au vert,Nicolas Treich,22 Avril 2024,HISTOIRE
TSE MAG 26 - Peut-on voyager sans polluer?,Isis Durrmeyer & Mathias Reynaert,22 Avril 2024,ENVIRONNEMENT
TSE MAG 26 - La poule ou l’œuf?,,22 Avril 2024,ENVIRONNEMENT
TSE MAG 26 - Paré au décollage,Estelle Malavolti,22 Avril 2024,ENVIRONNEMENT
TSE MAG 26 - Qui se soucie de la Terre ?,Céline Nauges,22 Avril 2024,ENVIRONNEMENT
TSE MAG 26 - Aller plus loin,Sylvain Chabé-Ferret,22 Avril 2024,ENVIRONNEMENT
TSE MAG 26 - Prêts pour la montée des eaux?,Lilian Rebai,22 Avril 2024,ENVIRONNEMENT
TSE MAG 26 - S'adapter ou fuir,Anouch Missirian,22 Avril 2024,ENVIRONNEMENT
TSE MAG 26 - Pourquoi réagir ?,Jordanna Matlon,22 Avril 2024,ENVIRONNEMENT
TSE MAG 26 - Les mythes de la polarisation,Marijn Keijzer,22 Avril 2024,ENVIRONNEMENT
"Les communautés d'énergie, un outil pour lutter contre le dérèglement climatique",Stefan Ambec & Claude Crampes,19 Avril 2024,ENERGIE
Transition écologique : un discours lénifiant,Frédéric Cherbonnier,10 Avril 2024,HISTOIRE
La France et le marché européen de l’électricité,Stefan Ambec & Claude Crampes,13 Mars 2024,ENERGIE
Mieux d'impôts,Frédéric Cherbonnier,8 Mars 2024,TAXATION
Bureaucratie française : quand la norme ne sera plus la norme…,Jean Tirole,5 Mars 2024,POLITIQUES PUBLIQUES
Les Etats membres de l’Union européenne protègent des terres en réalité peu menacées par le développement économique,Mathias Reynaert,3 Mars 2024,EUROPE
An evaluation of protected area policies in the EU,Prakash Mishra & Mathias Reynaert & Arthur van Benthem,22 Février 2024,ENVIRONMENT
Les institutions démocratiques face au peuple souverain,Jean Tirole,15 Février 2024,HISTOIRE
Le financement de la transition écologique en Afrique subsaharienne,Claude Crampes & Antonio Estache,5 Février 2024,TRANSITION ÉNERGÉTIQUE
Agriculture : des normes ou des taxes,Frédéric Cherbonnier,5 Février 2024,HISTOIRE
"Entre cryptomonnaies et CBDC, quel avenir pour la monnaie?",Jean Tirole,1 Février 2024,FINANCE
Cryptomonnaies : le point de vue de l'économiste,Jean Tirole,1 Février 2024,FINANCE
L’Afrique sub-saharienne face aux défis du réchauffement climatique,Claude Crampes & Antonio Estache,12 Janvier 2024,ENERGIE
"""Soft skills"" à l'école: comment la France peut rattraper son retard",Frédéric Cherbonnier,20 Décembre 2023,EDUCATION
Retour sur les marchés électriques en 2022,Claude Crampes & Stefan Ambec,12 Décembre 2023,ENERGIE
Transition bas-carbone : quel impact sur le coût du capital des entreprises ?,Sébastien Pouget,11 Décembre 2023,TRANSITION ÉNERGÉTIQUE
Réforme du marché de l’électricité : comment rassurer les investisseurs tout en maintenant le signal prix ?,Claude Crampes & Stefan Ambec & Jean Tirole,29 Novembre 2023,ENERGIE
En finir avec la gratuité de l’eau,Jean Tirole,24 Novembre 2023,ENVIRONNEMENT
Immigration : répondre aux besoins de main-d'œuvre,Emmanuelle Auriol,15 Novembre 2023,EMPLOI
L'école peut beaucoup mieux faire,Frédéric Cherbonnier,12 Novembre 2023,EDUCATION
TSE MAG 25 - Pourquoi travaillons-nous ?,Marcel Boyer & Paul Seabright,21 Octobre 2023,EMPLOI
TSE MAG 25 - S’engager sur la bonne voie,Olivier De Groote,21 Octobre 2023,EMPLOI
TSE MAG 25 - Jobs for life: Should I stay or should I go? - Partir ou rester ?,Eugenia Gonzalez-Aguado,21 Octobre 2023,EMPLOI
TSE MAG 25 - Le marché du travail français en danger,Jean Tirole,21 Octobre 2023,EMPLOI
TSE MAG 25 - Les femmes au travail - Dans l’ombre de la guerre,Victor Gay,21 Octobre 2023,EMPLOI
TSE MAG 25 - Pourquoi si peu de femmes deviennent économistes?,Emmanuelle Auriol,21 Octobre 2023,EMPLOI
TSE MAG 25 - J'ai trouvé des gens qui croyaient en moi au delà de mon genre,Emmanuelle Auriol,21 Octobre 2023,EMPLOI
"TSE MAG 25 - Le réseau professionnel, un privilège masculin ?",Marie Lalanne,21 Octobre 2023,EMPLOI
TSE MAG 25 - Pourquoi les mères qui travaillent paient un lourd tribut?,Francesca Barigozzi & Helmuth Cremer & Emmanuel Thibault,21 Octobre 2023,EMPLOI
TSE MAG 25 - Le mythe de la neutralité de genre,Francesca Barigozzi & Helmuth Cremer & Jean-Marie Lozachmeur,21 Octobre 2023,EMPLOI
TSE MAG 25 - L’IA va-t-elle s’emparer de nos emplois ?,François Poinas,21 Octobre 2023,HISTOIRE
TSE MAG 25 - Allô ? C’est IA à l’appareil...,Zoe Purcell,21 Octobre 2023,EMPLOI
"TSE MAG 25 - Mon collègue, ce robot",Jean-François Bonnefon,21 Octobre 2023,EMPLOI
Il n'y a pas d'alternatives à l'A69,Marc Ivaldi,11 Octobre 2023,TRANSPORT
"Pour les petits aéroports en difficulté, ""la solution peut venir de l'avion électrique"", estime Marc Ivaldi",Marc Ivaldi,9 Octobre 2023,TRANSPORT
Politique climatique à l’américaine,Stefan Ambec & Claude Crampes,6 Octobre 2023,ENVIRONNEMENT
Climat : la solution ne peut être que mondiale,Frédéric Cherbonnier,5 Octobre 2023,CLIMAT
Quel développement pour les territoires exposés aux risques côtiers?,Farid Gasmi,27 Septembre 2023,CLIMAT
L'autosolisme est un problème central,Marc Ivaldi,23 Septembre 2023,TRANSPORT
Enchères pour l’éolien en mer,Claude Crampes & Stefan Ambec,12 Septembre 2023,ENERGIE
"Marcel Boiteux était aussi ""un des chercheurs français en économie les plus renommés à l’étranger""",Stefan Ambec & Claude Crampes & Jean Tirole,11 Septembre 2023,HISTOIRE
Abayas : un risque de ségrégation identitaire,Frédéric Cherbonnier,31 Août 2023,EDUCATION
L'odyssée de l'intelligence artificielle : orgueil et préjugés,Daniel L. Chen,11 Août 2023,SCIENCE
L'odyssée de l'intelligence artificielle : l’IA peut-elle être morale?,Jean-François Bonnefon,31 Juillet 2023,SCIENCE
Peut-on voyager sans polluer?,Isis Durrmeyer & Mathias Reynaert,27 Juillet 2023,ENVIRONNEMENT
Sommet du Bien Commun - Qui décide du bien commun ?,Jean Tirole,18 Juillet 2023,ECONOMIE POLITIQUE
Sommet du bien commun - La mondialisation contre les territoires,Emmanuelle Auriol,18 Juillet 2023,POLITIQUES PUBLIQUES
Sommet du bien commun - Discussion entre Jean Tirole et Ariel Pakes,Jean Tirole &,18 Juillet 2023,SANTÉ
Sommet du Bien Commun - Les médicaments et le bien commun,Pierre Dubois,18 Juillet 2023,SANTÉ
Sommet du Bien Commun - Comment concilier liberté de mouvement et décarbonation de l’automobile?,Christian Gollier,18 Juillet 2023,TRANSITION ÉNERGÉTIQUE
"Sommet du Bien Commun - Le bien-être animal, nouvelle préoccupation ?",Nicolas Treich,17 Juillet 2023,ALIMENTATION
Sommet du Bien Commun - Quelle alimentation pour demain ?,Zohra Bouamra-Mechemache,17 Juillet 2023,ALIMENTATION
Sommet du Bien Commun - L’IA pour le bien,Jean-François Bonnefon,17 Juillet 2023,INFORMATIQUE
"Sommet du Bien Commun - L’inflation, facteur d’inégalités",Fabrice Collard & Patrick Fève,17 Juillet 2023,FINANCE
Sommet du Bien Commun - Des récits qui nous aident à mieux comprendre et à accepter la nécessité de sacrifices partagés,Paul Seabright,17 Juillet 2023,ECONOMIE COMPORTEMENTALE
"Sommet du Bien Commun - Polluer moins, le dilemme des mobilités",Estelle Malavolti,17 Juillet 2023,CLIMAT
Sommet du Bien Commun - Respecter les échéances des accords de Paris,Claude Crampes,17 Juillet 2023,CLIMAT
Les méandres de la performance environnementale des bâtiments,Claude Crampes & Mathias Laffont,19 Mai 2023,ENERGIE
Partage des richesses : un équilibre instable,Frédéric Cherbonnier,9 Mai 2023,AGRICULTURE
Israël : la tentation illibérale de Netanyahou risque de peser sur l'économie du pays,Jean Tirole,11 Avril 2023,ECONOMIE POLITIQUE
Comment utiliser au mieux notre budget carbone ?,Stefan Ambec & Claude Crampes,7 Avril 2023,ENERGIE
Climat : reculer pour mieux sauter,Frédéric Cherbonnier,3 Avril 2023,CLIMAT
Stockage souterrain pour l’énergie électrique,Claude Crampes & Stefan Ambec,31 Mars 2023,ENERGY
Réforme des retraites et hygiène de l’assassin,Emmanuel Thibault,31 Mars 2023,POLITIQUES PUBLIQUES
Malheureux comme un prix en France,Wilfried Sand-Zantman,20 Mars 2023,FINANCE
Retraites: qu'en est-il des inégalités de santé?,Frédéric Cherbonnier,28 Février 2023,PUBLIC POLICY
Polygynie et déterminants économiques de formation de familles en Afrique subsaharienne,Augustin Tapsoba,27 Février 2023,DÉVELOPPEMENT
Ceux qui veulent sauver la planète en empêchant l’investissement dans les énergies fossiles commettent une erreur suicidaire,Christian Gollier,25 Février 2023,ENVIRONNEMENT
"Retraites ou climat, chiffrer les enjeux permet de faire des choix de consensus",Christian Gollier,31 Janvier 2023,CLIMAT
"La taxe carbone aux frontières, un pas en avant, mais à quel prix ?",Marie-Françoise Calmette,30 Janvier 2023,TAXATION
Immigration: ces faux débats qui masquent la réalité,Frédéric Cherbonnier,20 Janvier 2023,PUBLIC POLICY
Discrimination sociale dans le commerce de l’électricité,Claude Crampes & Stefan Ambec,6 Janvier 2023,ENERGIE
"L’autoroute décarbonée, c’est avant tout une autoroute intelligente",Marc Ivaldi,22 Décembre 2022,TRANSPORT
L’ampleur et la distribution des chocs sur l’énergie et sur les échanges commerciaux dans la zone euro et en France,François Villeroy de Galhau,13 Décembre 2022,MACROÉCONOMIE
Les surprofits des renouvelables,Stefan Ambec & Claude Crampes,8 Décembre 2022,ENERGIE
La lutte contre l'inflation est loin d'être terminée,Frédéric Cherbonnier,4 Décembre 2022,PUBLIC POLICY
"L’Union Européenne: Nouveaux défis, nouvelles ambitions",Marc Ivaldi,28 Novembre 2022,EUROPE
"La taxe carbone est indispensable, point final",Jean Tirole,25 Novembre 2022,ENVIRONNEMENT
"""La taxe carbone est indispensable"": à Lyon, le prix Nobel Jean Tirole pointe l’inaction climatique",Jean Tirole,21 Novembre 2022,ENVIRONMENT
"Le scénario d’une transition écologique heureuse, créatrice de millions d’emplois et peu coûteuse est irréaliste",Christian Gollier,18 Novembre 2022,ENVIRONMENT
Est-il moral de tuer une personne pour en sauver d'autres?,Jean-François Bonnefon,14 Novembre 2022,IT
Un droit carbone significatif pour corriger les échecs de Charm el-Cheick,Marcel Boyer,10 Novembre 2022,ENVIRONMENT
"La distribution de dividendes, un faux débat",Frédéric Cherbonnier,29 Octobre 2022,AGRICULTURE
"Impérative, la réforme des retraites ne suffira pourtant pas",Jean Tirole,13 Octobre 2022,POLITIQUES PUBLIQUES
Has digital technology made us better off? (podcast),Jean Tirole & Jacques Crémer,10 Octobre 2022,DIGITAL
"Le drame ukrainien, ou l’échec retentissant de la diplomatie",Marcel Boyer,3 Octobre 2022,EUROPE
Il faut abolir l’école publique,Marcel Boyer,28 Septembre 2022,EDUCATION
Gratuité des transports: un leurre politique,Frédéric Cherbonnier,24 Septembre 2022,TRANSPORT
"Sur le bouclier énergétique, le gouvernement est allé trop loin",Jean Tirole,23 Septembre 2022,POLITIQUES PUBLIQUES
"Contre les fake news économiques, l'éducation est le seul vaccin",Jean Tirole,21 Septembre 2022,ENVIRONMENT
Grandeur et décadence du gaz naturel,Stefan Ambec & Claude Crampes,20 Septembre 2022,ENERGIE
Transition énergétique: faut-il faire mal aux riches pour la réussir?,Christian Gollier,12 Septembre 2022,CLIMAT
Transport aérien : le Covid rebat les cartes,Marc Ivaldi,29 Août 2022,TRANSPORT
Fin du mois ou fin du monde: le dilemme de Macron,Christian Gollier,28 Juillet 2022,CLIMATE
"Taxe carbone, transparence et vision de long terme",Frédéric Cherbonnier,26 Juillet 2022,ENVIRONMENT
Le vrai coût des fonds publics,Marcel Boyer,13 Juillet 2022,POLITIQUES PUBLIQUES
Comment rendre acceptables les politiques climatiques?,Christian Gollier,13 Juillet 2022,AGRICULTURE
"Prix de l'essence contre taxe carbone, l'heure des choix",Christian Gollier,27 Juin 2022,ENERGIE
Les jeunes sont sévères avec le système éducatif. A raison!,Emmanuelle Auriol,14 Juin 2022,EDUCATION
Stratégie bas carbone : être à la fois lièvre et tortue,Frédéric Cherbonnier,9 Juin 2022,ENVIRONMENT
"Entre ""techno-optimistes"" et ""décroissantistes"", un fossé béant",Christian Gollier,2 Juin 2022,CLIMAT
Les effets redistributifs de la tarification de l’électricité en temps réel,Stefan Ambec & Claude Crampes,25 Mai 2022,ENERGY
Faisons-nous assez pour les générations futures?,Christian Gollier,25 Mai 2022,CLIMAT
Découplage : la bonne nouvelle du dernier rapport du GIEC,Stefan Ambec & Claude Crampes,26 Avril 2022,ENERGIE
"La vision de Marine Le Pen, c’est que les étrangers coûtent cher. C’est faux",Jean Tirole,22 Avril 2022,POLITIQUES PUBLIQUES
Guerre en Ukraine : pour quelques terawattheures de plus,Christian Gollier,19 Avril 2022,EUROPE
Consommer de la viande n'est pas anodin,Nicolas Treich & Romain Espinosa,19 Avril 2022,FOOD
Pourquoi le programme économique de Marine Le Pen est dangereux pour la France,Jean Tirole,16 Avril 2022,POLITIQUES PUBLIQUES
"Affaire McKinsey : derrière le coup politique, de vraies questions",Frédéric Cherbonnier,15 Avril 2022,POLITIQUES PUBLIQUES
Optimisation : l’IA à la recherche de la solution optimale,Dana Pizarro,23 Mars 2022,SCIENCE
Éthique : morale humaine pour intelligence artificielle ?,Dana Pizarro,18 Mars 2022,SCIENCE
Diversifier l’approvisionnement en gaz de l’Europe,Stefan Ambec & Claude Crampes,17 Mars 2022,ENERGIE
"Russie : ""Jamais la sobriété énergétique de nos concitoyens n’a été aussi cruciale pour notre destin""",Christian Gollier,11 Mars 2022,EUROPE
Succession: mieux taxer sans taxer davantage,Frédéric Cherbonnier,10 Mars 2022,TAXATION
Comment les mathématiques luttent contre le cancer,Sébastien Gadat,7 Mars 2022,SANTÉ
Le transport francilien enclenche la mise en concurrence de son réseau,Marc Ivaldi,21 Février 2022,COP 21
Pourquoi le prix de l’électricité dépend-il du prix du gaz ?,Claude Crampes & Stefan Ambec,17 Février 2022,ENERGIE
Le grand âge mérite des ressources suffisantes,Frédéric Cherbonnier,11 Février 2022,PUBLIC POLICY
Lignes directrices et taxonomie verte,Claude Crampes & Stefan Ambec,31 Janvier 2022,ENERGIE
Le prix du carbone permet d'aligner la myriade d'intérêts individuels sur l'intérêt général,Christian Gollier,17 Janvier 2022,ENVIRONNEMENT
Pourquoi les économistes sont-ils si peu écoutés par les candidats à la présidentielle 2022?,Emmanuelle Auriol,17 Janvier 2022,ECONOMIE POLITIQUE
Immigration: réalités et fantasmes,Frédéric Cherbonnier,13 Janvier 2022,PUBLIC POLICY
La justice des algorithmes: pourquoi il vaudrait mieux remplacer les juges par une IA dans certains cas,Daniel L. Chen,31 Décembre 2021,DIGITAL
Le consommateur-citoyen peut-il sauver la planète ?,Stefan Ambec & Philippe De Donder,14 Décembre 2021,TRANSITION ÉNERGÉTIQUE
Climat: comment gérer un risque non ou mal mesurable ?,Frédéric Cherbonnier,9 Décembre 2021,ENVIRONMENT
Do we use our emotions strategically? (podcast & video),Astrid Hopfensitz,29 Novembre 2021,BEHAVIORAL ECONOMICS
"Inégalités aux Etats-Unis: un ""ruissellement"" à l'envers",Frédéric Cherbonnier,4 Novembre 2021,PUBLIC POLICY
Les Don Quichotte de la Manche à l’assaut des éoliennes,Stefan Ambec & Claude Crampes,27 Octobre 2021,ENERGY
Solaire low-cost,Stefan Ambec & Claude Crampes,5 Octobre 2021,ENERGIE
"Enfin, un vrai prix pour le carbone!",Christian Gollier,27 Septembre 2021,ENVIRONNEMENT
Légaliser le cannabis sera la seule façon de le contrôler,Emmanuelle Auriol,20 Septembre 2021,SANTÉ
Il faut repenser en profondeur l’aménagement du territoire,Christian Gollier,15 Juillet 2021,CLIMAT
La flexibilité des consommateurs d’électricité,Stefan Ambec & Claude Crampes,29 Juin 2021,COP 21
Les limites du tout-télétravail,Frédéric Cherbonnier,25 Juin 2021,EMPLOI
Rapport Blanchard-Tirole : La France face à l'avenir,Olivier Blanchard & Jean Tirole,23 Juin 2021,PUBLIC POLICY
Et si on créait des impôts sexués ?,Helmuth Cremer,17 Juin 2021,TAXATION
Comment organiser l’industrie électrique ?,Stefan Ambec & Claude Crampes,10 Juin 2021,ENERGIE
"""L’idée selon laquelle la vie des chasseurs-cueilleurs les a formés pour de petites interactions sociales bousculée par une étude""",Paul Seabright,9 Juin 2021,HISTOIRE
Il est essentiel de remédier aux nombreuses défaillances de l'économie de marché,Jean Tirole,27 Mai 2021,ECONOMIE INDUSTRIELLE
Taxe carbone aux frontières: l'Europe doit agir sans tarder,Frédéric Cherbonnier,20 Mai 2021,
"Bruno Jullien: économie numérique et IA, un pari gagnant ?",Bruno Jullien,12 Mai 2021,DIGITAL
On n’échappera pas à la taxe carbone,Christian Gollier,10 Mai 2021,
Les politiques et l'éclairage scientifique,Paul Seabright,6 Mai 2021,EDUCATION
Des concessions pour l’hydroélectricité,Stefan Ambec & Claude Crampes,5 Mai 2021,ENERGY
Il faut accélérer,Christian Gollier,13 Avril 2021,CORONAVIRUS
Aux frontières du marché européen du carbone,Stefan Ambec & Claude Crampes,8 Avril 2021,ENERGY
"La France risque de passer à côté de la viande ""artificielle""",Frédéric Cherbonnier,8 Avril 2021,ALIMENTATION
Les vertus de l’apprentissage social des cachalots face aux pêcheurs,Paul Seabright,31 Mars 2021,SCIENCE
Europe: un marché parallèle des médicaments aux effets délétères,Pierre Dubois,26 Mars 2021,SANTÉ
La vie est un jeu,Jérôme Renault,15 Mars 2021,EDUCATION
Un hiver au Texas,Stefan Ambec & Claude Crampes,5 Mars 2021,ENERGIE
Aux racines du populisme,Frédéric Cherbonnier,4 Mars 2021,POLITIQUES PUBLIQUES
EDF: entre réorganisation et démantèlement,Emmanuelle Auriol,1 Mars 2021,ENERGIE
S’appuyer sur le marché pour lutter contre la pollution de l’air,Stefan Ambec & Claude Crampes,24 Février 2021,ENERGIE
Les électeurs n’arrivent pas à tirer des leçons très utiles de la gestion d’une pandémie,Paul Seabright,24 Février 2021,CORONAVIRUS
Nous devons construire une coalition pour le climat,Jean Tirole,10 Février 2021,CLIMAT
Que peut nous apprendre l'histoire sur Covid-19?,Victor Gay,31 Janvier 2021,CORONAVIRUS
Recherche française: les raisons d'un échec,Frédéric Cherbonnier,28 Janvier 2021,SANTÉ
Les normes d'émission des véhicules fonctionnent-elles?,Mathias Reynaert,26 Janvier 2021,ENVIRONNEMENT
Le puzzle de l'alimentation et du climat,Céline Bonnet,26 Janvier 2021,ALIMENTATION
"Dans la “Royal Navy”, le népotisme servait de garde-fou contre l’incompétence",Paul Seabright,21 Janvier 2021,HISTOIRE
Régulation économique du stockage de l’électricité,Stefan Ambec & Claude Crampes,21 Janvier 2021,ENERGY
Numéro spécial: Revue d’Economie Financière sur la Finance Climatique,Catherine Casamatta,21 Janvier 2021,FINANCE
Les engagements climatiques de l’UE : de 20/20 à 100/50,Stefan Ambec & Claude Crampes,5 Janvier 2021,ENERGIE
"Entre santé publique et économie, quel est le bon dosage ?",Frédéric Cherbonnier,24 Décembre 2020,SANTÉ
Covid-19 : Le système de traçage a un rôle important à jouer dans la gestion de la pandémie,Paul Seabright,14 Décembre 2020,CORONAVIRUS
Un changement climatique à l’origine du sentiment paternel,Ingela Alger,4 Décembre 2020,ECONOMIE COMPORTEMENTALE
Le bac à sable de la régulation,Stefan Ambec & Claude Crampes,2 Décembre 2020,ENERGY
"La médecine libérale, un gisement d'économies",Frédéric Cherbonnier,19 Novembre 2020,SANTÉ
"En pleine deuxième vague, quelles sont nos options ?",Christian Gollier,12 Novembre 2020,CORONAVIRUS
Barrières à la sortie des énergies fossiles,Stefan Ambec & Claude Crampes,9 Novembre 2020,COP 21
"L'école laïque, moteur industriel",Paul Seabright,5 Novembre 2020,EDUCATION
Colmater les fuites de carbone,Claude Crampes & Stefan Ambec,22 Octobre 2020,COP 21
"En Arabie saoudite, l’opinion des hommes sur le travail des femmes n’est pas celle qu’ils croient",Paul Seabright,7 Octobre 2020,DÉVELOPPEMENT
Aux collectivités de sortir des sentiers battus pour tirer parti des plans de relance,Jean Tirole & Marie Guillou,7 Octobre 2020,POLITIQUES PUBLIQUES
Airbus restera un acteur crucial pour la région,Jean Tirole & Marie Guillou,30 Septembre 2020,MACROÉCONOMIE
Préparer les territoires au monde d’après,Jean Tirole & Marie Guillou,30 Septembre 2020,POLITIQUES PUBLIQUES
"L'après Covid-19 : ""Toulouse peut se relever de cette crise""",Jean Tirole & Marie Guillou,29 Septembre 2020,MACROÉCONOMIE
God insures those who pay: Formal insurance and religious offerings in Ghana,Emmanuelle Auriol & & Amma Panin & Paul Seabright,19 Septembre 2020,TAXATION
"Air-France-KLM : ""L'alliance ne sera pas en banqueroute à court et moyen terme""",Marc Ivaldi &,15 Septembre 2020,COMPETITION
Le pari de l’hydrogène,Stefan Ambec & Claude Crampes,14 Septembre 2020,ENERGIE
"Soyons honnêtes, la transition énergétique nous coûtera à tous de l’argent",Christian Gollier,11 Septembre 2020,CLIMAT
La discrimination en ligne existe mais elle peut être réduite,,17 Août 2020,DIGITAL ECONOMY
Pharmacie : « Le commerce parallèle de médicaments entraîne des dépenses de santé plus élevées »,Pierre Dubois &,1 Août 2020,COP 21
"Air France : «Si cette nationalisation se fait, elle ne serait que temporaire»",Marc Ivaldi,30 Juillet 2020,CONCURRENCE
Toutes les facettes de l'humain,Paul Seabright,30 Juillet 2020,SCIENCE
Comment les économistes ont contribué à la recherche sur les effets de la pandémie due au coronavirus,,16 Juillet 2020,CORONAVIRUS
Efficacité énergétique des bâtiments : de la théorie à la pratique,Claude Crampes & Stefan Ambec,3 Juillet 2020,ENERGY
Climat: «Il est illusoire de penser que les mesures coercitives ne sont pas coûteuses»,Nicolas Treich,23 Juin 2020,
Il faudra payer la dette,Marc Ivaldi,19 Juin 2020,POLITIQUES PUBLIQUES
Mieux vaut être crédule et bien portant…,Paul Seabright &,15 Juin 2020,CORONAVIRUS
Les Coronabonds pour sauver l’Europe,Tiziana Assenza,11 Juin 2020,CORONAVIRUS
Le Nobel Tirole défend l'utilité de sa prestigieuse commission,Jean Tirole,11 Juin 2020,CORONAVIRUS
Augmenter l'ISF n'est pas à la hauteur de nos problèmes,Jean Tirole,11 Juin 2020,CORONAVIRUS
Une stratégie anti-Covid au prix fort,Christian Gollier,11 Juin 2020,CORONAVIRUS
Une taxe temporaire sur les hauts patrimoines,Nicolas Werquin,11 Juin 2020,CORONAVIRUS
Le leurre de l'épargne salariale,Frédéric Cherbonnier,3 Juin 2020,FINANCE
Roulement de batterie chez Tesla,Stefan Ambec & Claude Crampes,2 Juin 2020,ENERGIE
Le grand danger serait d'oublier I'avenir de Ia France et de l'Europe dans Ia réponse à Ia crise,Olivier Blanchard & Jean Tirole &,29 Mai 2020,CORONAVIRUS
Alimentation et agriculture : mieux préparer l’Europe aux risques de chocs sanitaires,Vincent Réquillart,27 Mai 2020,ALIMENTATION
Le pétrole à l’épreuve du confinement,Stefan Ambec & Claude Crampes,15 Mai 2020,ENERGIE
Les statistiques pour combattre le Covid-19,Jean-Pierre Florens,13 Mai 2020,CORONAVIRUS
"Quand Facebook s’éteint, le bien-être augmente",Paul Seabright,6 Mai 2020,ECONOMIE COMPORTEMENTALE
Un déconfinement modulé géographiquement implique une modulation dans l’allocation des tests,Christian Gollier,5 Mai 2020,CORONAVIRUS
Le partage des eaux,Claude Crampes &,28 Avril 2020,TRANSITION ÉNERGÉTIQUE
Les conférences sur le climat sont une course de lenteur,Christian Gollier,27 Avril 2020,CLIMAT
"Surveillance par Stop-Covid : Se laisser tracer, c'est s'auto-tester",Marc Ivaldi,24 Avril 2020,CORONAVIRUS
Tracer pour mieux soigner : mise en garde de Jean Tirole,Jean Tirole,23 Avril 2020,CORONAVIRUS
Le trou noir de la politique publique,Cécile Aubert,17 Avril 2020,CORONAVIRUS
La confiance est plus importante que la transparence,& Paul Seabright,17 Avril 2020,CORONAVIRUS
"Si on ne remet pas l'activité en marche, une énorme crise va se produire",Jean Tirole,16 Avril 2020,CORONAVIRUS
La dette des entreprises menace de faire dérailler le redressement,Ulrich Hege,16 Avril 2020,CORONAVIRUS
Reconstruire le monde après le Covid-19,Jean Tirole,16 Avril 2020,CORONAVIRUS
1929-2020: les dangers de la comparaison,Marie-Françoise Calmette,16 Avril 2020,CORONAVIRUS
Covid-19 : les marchés de l’électricité infectés,Claude Crampes & Stefan Ambec,15 Avril 2020,ENERGIE
Le mauvais procès fait à la mondialisation,Jean Tirole,15 Avril 2020,CORONAVIRUS
Analyse coût‐bénéfice des stratégies de déconfinement,Christian Gollier,12 Avril 2020,CORONAVIRUS
Ce que la crise révèle de notre système de soins,Frédéric Cherbonnier,9 Avril 2020,CORONAVIRUS
Les statistiques pour guérir du Covid-19,Jean-Pierre Florens,7 Avril 2020,CORONAVIRUS
Renoncer aux vacances pour relancer l’activité,Marc Ivaldi,7 Avril 2020,CORONAVIRUS
Si l'existence m'était comptée,Christian Gollier & James K. Hammitt,5 Avril 2020,CORONAVIRUS
Une guerre de retard,Jean Tirole,5 Avril 2020,CORONAVIRUS
Économie des animaux : intégrer tous les paramètres,Nicolas Treich,3 Avril 2020,ENVIRONNEMENT
Nous pouvons « accroître notre capacité de dépistage sans attendre la fabrication de nouveaux tests »,Olivier Gossner & Christian Gollier & David Sraer,1 Avril 2020,CORONAVIRUS
Les mesures les plus efficaces pour réduire la mortalité sont aussi celles qui ont réduit l’ampleur du choc économique,Paul Seabright,1 Avril 2020,CORONAVIRUS
Le coût économique de la crise sanitaire,Jean Tirole,31 Mars 2020,CORONAVIRUS
Il faut prendre en considération le rôle de la consommation de viande et l’élevage intensif dans ces nouvelles épidémies,Romain Espinosa & Nicolas Gaidet & Nicolas Treich,31 Mars 2020,CORONAVIRUS
Éviter la taxe carbone à tout prix,Stefan Ambec & Claude Crampes,30 Mars 2020,ENERGIE
Allons-nous enfin apprendre notre leçon ?,Jean Tirole,28 Mars 2020,CORONAVIRUS
"Covid 19, quel avenir pour le transport aérien ?",Marc Ivaldi,25 Mars 2020,CORONAVIRUS
Mondialisation : le jour d’après,Marie-Françoise Calmette,24 Mars 2020,CORONAVIRUS
La solidarité au temps du Covid-19,Jean Tirole,22 Mars 2020,CORONAVIRUS
L’économie du coronavirus : quelques éclairages,Christian Gollier & Stéphane Straub,21 Mars 2020,CORONAVIRUS
Un fonds de la francophonie pour les infrastuctures en Afrique,Marcel Boyer,19 Mars 2020,POLITIQUES PUBLIQUES
Les coûts de la sortie du nucléaire en Allemagne,Claude Crampes & Stefan Ambec,18 Février 2020,ENERGIE
Changer les comportements alimentaires : un défi de longue haleine,Zohra Bouamra-Mechemache & Vincent Réquillart,1 Février 2020,SANTÉ
De l'importance de la valeur de nos données,Marc Ivaldi,22 Janvier 2020,CONCURRENCE
De l'importance de la valeur de nos données,Marc Ivaldi,22 Janvier 2020,CONCURRENCE
Opinion | Retraite : le temps des femmes ?,Emmanuelle Auriol,30 Décembre 2019,POLITIQUES PUBLIQUES
"Les inégalités de santé, face cachée des réformes des retraites",Frédéric Cherbonnier,19 Décembre 2019,POLITIQUES PUBLIQUES
Économie des animaux : intégrer tous les paramètres,Nicolas Treich,18 Décembre 2019,ALIMENTATION
Parlera-t-on de fertilité à la COP25 ?,Stefan Ambec & Claude Crampes,9 Décembre 2019,ENERGIE
"Un prix universel du carbone, la recette d'un économiste face au changement climatique",Christian Gollier &,3 Décembre 2019,CLIMAT
L'apprentissage automatique et la justice,Daniel L. Chen,20 Novembre 2019,ECONOMIE POLITIQUE
Transparence et lobbying pharmaceutique,,19 Novembre 2019,SANTÉ
Une électricité verte teintée de gris,Stefan Ambec & Claude Crampes,15 Novembre 2019,ENERGIE
Il faut aller plus vite et plus fort pour sauver le climat,Frédéric Cherbonnier,14 Novembre 2019,CLIMAT
Mieux vaut (pé)tard que jamais,Emmanuelle Auriol,11 Novembre 2019,ECONOMIE POLITIQUE
"A Harvard, mieux vaut être riche, blanc et sportif",Paul Seabright,9 Octobre 2019,DÉVELOPPEMENT
Priorité de service dans l’industrie électrique,Claude Crampes & Yassine Lefouili,2 Octobre 2019,ENERGIE
Vidéo : le climat après la fin du mois,Christian Gollier,25 Septembre 2019,ENVIRONNEMENT
La recherche en sciences sociales enfonce-t-elle des portes ouvertes ?,Paul Seabright,24 Septembre 2019,SCIENCE
"Pas d'intelligence artificielle sans morale, avec Jean-François Bonnefon",Jean-François Bonnefon,20 Septembre 2019,DIGITAL
Amarres électriques,Claude Crampes & Stefan Ambec,10 Septembre 2019,ENERGIE
Ressusciter la taxe carbonne ?,Christian Gollier,5 Septembre 2019,CLIMAT
Il y a dans cette révolte écologique une dimension antilibérale qui me préoccupe,Christian Gollier,5 Septembre 2019,CLIMAT
"Libéralisme et écologie, compatible ?",Christian Gollier,5 Septembre 2019,CLIMAT
Le bon fléxitarien et le mauvais vegan ?,Marie-Claude Marsolier-Kergoat & Nicolas Treich,26 Juin 2019,ENVIRONNEMENT
"Oui, la politique peut sauver l’environnement",Paul Seabright,19 Juin 2019,ECONOMIE POLITIQUE
Lundi Vert : « Mesurer l’impact d’une opération citoyenne sur la consommation de viande »,Nicolas Treich,13 Juin 2019,ENVIRONNEMENT
Pourquoi baisser l'impôt des hauts revenus est efficace,Frédéric Cherbonnier,9 Mai 2019,ECONOMIE POLITIQUE
En finir pour de bon avec la politique agricole commune,,18 Avril 2019,ECONOMIE POLITIQUE
Le pylône qui gâche la forêt,Claude Crampes & Stefan Ambec,15 Avril 2019,ENERGIE
Que du bonheur !,Paul Seabright,10 Avril 2019,SCIENCE
Réparer l'ascenseur social pour relancer la croissance,Frédéric Cherbonnier,4 Avril 2019,ECONOMIE POLITIQUE
Organiser la transition alimentaire,Zohra Bouamra-Mechemache,28 Mars 2019,ALIMENTATION
"En Afrique, la diffusion d’Internet profite aussi aux travailleurs non diplômés",Paul Seabright,6 Mars 2019,ECONOMIE NUMÉRIQUE
Alstom-Siemens : pourquoi la Commission a raison de rejeter la fusion,Marc Ivaldi & Jacques Crémer & Bruno Jullien & Paul Seabright,12 Février 2019,CONCURRENCE
L’impôt ne décourage pas d’innover,Paul Seabright,9 Février 2019,POLITIQUES PUBLIQUES
Quel standard pour recharger les batteries de véhicule électrique ?,Claude Crampes & Yassine Lefouili,7 Février 2019,ENERGIE
La révolution de la crédibilité,Sylvain Chabé-Ferret & Nicolas Treich,1 Février 2019,POLITIQUES PUBLIQUES
Le pouvoir des idées,Jean Tirole,1 Février 2019,POLITIQUES PUBLIQUES
Être à la hauteur,Olivier De Groote,1 Février 2019,ENVIRONNEMENT
La guerre et les rôles liés aux genres,Victor Gay,1 Février 2019,DÉVELOPPEMENT
Ingénierie de l’économie industrielle,Stéphane Villeneuve,1 Février 2019,ECONOMIE INDUSTRIELLE
Le pouvoir des statistiques,Eve Leconte,1 Février 2019,ECONOMIE NUMÉRIQUE
Marges d’erreur et Big Data,Anne Ruiz-Gazen,30 Janvier 2019,DIGITAL
Le plaisir de comprendre,Jean-Pierre Florens,30 Janvier 2019,ECONOMIE NUMÉRIQUE
L’industrie financière doit s’engager à prévenir la menace d’une prochaine grande crise écologique et sociale,Stéphane Villeneuve,29 Janvier 2019,FINANCE
Pourquoi le Lundi Vert est bien plus qu’un coup médiatique,Nicolas Treich & Laurent Bègue-Shankland,24 Janvier 2019,ENVIRONMENT
L'ARENH et sa suite,Stefan Ambec & Claude Crampes,15 Janvier 2019,ENERGIE
La politique industrielle a la capacité de soutenir l’emploi et l’investissement,Paul Seabright,14 Janvier 2019,POLITIQUES PUBLIQUES
"L’activité citoyenne, une alternative aux partis populistes ?",Paul Seabright,21 Décembre 2018,ECONOMIE POLITIQUE
"L’activité citoyenne, une alternative aux partis populistes ?",,21 Décembre 2018,ECONOMIE POLITIQUE
II faut un nouveau contrat social,Jean Tirole,21 Décembre 2018,POLITIQUES PUBLIQUES
Comment les cabinets d’avocats « capturent » l’octroi de brevets,Paul Seabright,21 Décembre 2018,ECONOMIE INDUSTRIELLE
Prix du carbone : un moment de vérité écologique,Christian Gollier,21 Décembre 2018,
Combattre le dérèglement climatique,Jean Tirole & Christian Gollier,21 Décembre 2018,
Combattre le dérèglement climatique,,12 Novembre 2018,ENERGY
Etiquetage bien-être animal : Attention à l’animal welfare washing,Nicolas Treich,19 Décembre 2018,AGRICULTURE
Financer le service public de l'environnement,Claude Crampes & Stefan Ambec,10 Décembre 2018,ENERGIE
Les étudiants sont-ils sur la bonne voie ?,Nicolas Pistolesi & &,1 Décembre 2018,POLITIQUES PUBLIQUES
"Écolos en paroles, écolos en actes ?",Céline Nauges,1 Décembre 2018,
"Oui, un RSE codifié est efficace sur les entreprises",Frédéric Cherbonnier,25 Octobre 2018,COP 21
Quel type de conseil d'administration est-il le plus créateur de valeur à long terme pour les entreprises américaines ?,&,24 Octobre 2018,
Les marchés financiers peuvent jouer un rôle dans la lutte contre le changement climatique,Christian Gollier,22 Octobre 2018,FINANCE
Il faut proposer des alternatives aux automobilistes,Marc Ivaldi,19 Octobre 2018,TRANSPORT
Intermittence et flexibilité sur les marchés électriques,Claude Crampes & Stefan Ambec,17 Octobre 2018,ENERGIE
L’homo economicus a vécu,Jean Tirole,5 Octobre 2018,
Réchauffement climatique : et si on taxait rôtis et steaks ?,Céline Bonnet,29 Septembre 2018,ALIMENTATION
Effets d'apprentissage dans l'industrie des panneaux photovoltaïques,Claude Crampes & Yassine Lefouili,17 Septembre 2018,ENERGIE
Des lobbies et des hommes,Claude Crampes & Stefan Ambec,4 Septembre 2018,
La crise de 2008 a mis en lumière une défaillance massive de l'État,Jean Tirole,31 Août 2018,FINANCE
Combien vaut une biobanque ?,Catherine Bobtcheff & Carole Haritchabalet,1 Juillet 2018,FINANCE
Une dent contre la viande de bœuf,,1 Juillet 2018,ALIMENTATION
Partage des risques ou prise de risque ?,Bruno Biais,1 Juillet 2018,FINANCE
Les maths de demain,Sébastien Gadat,1 Juillet 2018,ECONOMIE NUMÉRIQUE
L’universalité mathématique,Adrien Blanchet,1 Juillet 2018,DIGITAL
La valeur de l'électricité non distribuée,Claude Crampes & Stefan Ambec,18 Juin 2018,ENERGIE
Les Français se soucient de plus en plus du bien-être animal,Nicolas Treich,12 Juin 2018,ENVIRONMENT
Notre système financier est-il fiable ?,Jean Tirole,4 Juin 2018,FINANCE
Réflexions financières sur les investissements dans l’éolien maritime en France,Christian Gollier,30 Mai 2018,ENERGIE
Des compteurs intelligents pour garantir les besoins élémentaires,Claude Crampes & Stefan Ambec,30 Mai 2018,ENERGIE
De la démocratie chez les chiens sauvages,Paul Seabright,26 Mai 2018,SCIENCE
"Financer la dépendance, un défi majeur pour la France",Frédéric Cherbonnier,11 Mai 2018,POLITIQUES PUBLIQUES
Qu’est-ce qui conduit les soldats à se battre pour leur pays ?,Paul Seabright,28 Avril 2018,HISTOIRE
Ce que préconise le prix nobel Jean Tirole au président Macron,Jean Tirole,23 Avril 2018,POLITIQUES PUBLIQUES
Qui a peur des informations ?,,13 Avril 2018,FINANCE
Investissons-nous suffisamment dans l'avenir ?,Christian Gollier,12 Avril 2018,FINANCE
Les coûts lisses de l'électricité,Claude Crampes & Stefan Ambec,5 Avril 2018,ENERGIE
Choisir une politique environnementale,Cécile Aubert & Lauriane Mouysset,3 Avril 2018,
La blockchain : un miracle de mineur,Catherine Casamatta,1 Avril 2018,FINANCE
"Cannabis : « Avec la dépénalisation, le taux de criminalité violente baisse »",Paul Seabright,31 Mars 2018,CONCURRENCE
SNCF : la concurrence ne garantira pas une baisse des prix,,22 Mars 2018,POLITIQUES PUBLIQUES
100% d’énergies renouvelables : le climat dans le prétoire,Claude Crampes & Stefan Ambec,12 Mars 2018,ENERGIE
Jean Tirole à propos de l'environnement post-crise,Jean Tirole,3 Mars 2018,FINANCE
Pourquoi la France doit s'ouvrir aux migrants,,2 Mars 2018,POLITIQUES PUBLIQUES
Waze vous propose de faire fausse route,Johannes Hörner,2 Mars 2018,FINANCE
Coûts de recherche,Daniel Ershov,1 Mars 2018,ECONOMIE NUMÉRIQUE
La bonne nouvelle de la baisse du bitcoin,Bruno Biais,22 Février 2018,FINANCE
"En Inde, les ravages du sexisme dès l’enfance",Paul Seabright,22 Février 2018,DÉVELOPPEMENT
"La hausse du seuil de revente à perte, une fausse bonne idée",Stéphane Caprice & Marie-Laure Allain & Claire Chambolle,8 Février 2018,ALIMENTATION
"Cannabis : « Ne rien faire, c'est être laxiste »",Emmanuelle Auriol,29 Janvier 2018,POLITIQUES PUBLIQUES
Un algorithme coopératif et communicant,Paul Seabright,25 Janvier 2018,ECONOMIE COMPORTEMENTALE
Mieux conditionner les aides aux agriculteurs,,18 Janvier 2018,POLITIQUES PUBLIQUES
La révolution numérique va-t-elle détruire des emplois ?,,16 Janvier 2018,ECONOMIE NUMÉRIQUE
La vague populiste va t-elle s'amplifier ?,Paul Seabright,11 Janvier 2018,EDUCATION
Les bonnes résolutions environnementales de la Commission européenne,Claude Crampes & Stefan Ambec,9 Janvier 2018,ENERGIE
Ouvrir la grande vitesse ferroviaire à la concurrence,Frédéric Cherbonnier & Marc Ivaldi & Karine Van Der Straeten,3 Janvier 2018,CONCURRENCE
Les effets collatéraux de la voiture électrique,Claude Crampes & Stefan Ambec,15 Décembre 2017,ENERGIE
Quand le risque de harcèlement détermine l’orientation des étudiantes,Paul Seabright,7 Décembre 2017,EDUCATION
Bitcoin et crypto-monnaies : mieux vaut prévenir que guérir,Jean Tirole,4 Décembre 2017,FINANCE
"Les abus de contrats courts, un défi pour l'emploi",Frédéric Cherbonnier,30 Novembre 2017,EMPLOI
"En l'étât actuel, le bitcoin est de la pure spéculation",Catherine Casamatta,30 Novembre 2017,FINANCE
Marché européen du carbone. Phase 4,Claude Crampes & Stefan Ambec,22 Novembre 2017,ENERGIE
La boîte à outils de l’économie alimentaire,Vincent Réquillart,18 Novembre 2017,ALIMENTATION
De l’influence de Fox News sur la victoire de Donald Trump,,9 Novembre 2017,ECONOMIE NUMÉRIQUE
Qu'est ce que le trading haute fréquence ?,Fany Declerck,8 Novembre 2017,FINANCE
La Catalogne et l'euro,,8 Novembre 2017,ECONOMIE POLITIQUE
Le risque collectif ne peut plus être assumé par le contribuable,,6 Novembre 2017,FINANCE
Définir le prix payé à l’agriculteur à partir du coût de production soulève de grandes difficultés,Stéphane Caprice,6 Novembre 2017,ALIMENTATION
Très haut débit : des objectifs trop ambitieux,Frédéric Cherbonnier,26 Octobre 2017,ECONOMIE NUMÉRIQUE
Des prix négatifs pour l'électricité,Stefan Ambec & Claude Crampes,20 Octobre 2017,ENERGIE
L’assurance-vie a perdu son âme !,Christian Gollier,12 Octobre 2017,FINANCE
Arrested development,Stéphane Straub,12 Octobre 2017,DÉVELOPPEMENT
Ce que nous mangeons doit-il nous être dicté ?,Vincent Réquillart,12 Octobre 2017,ALIMENTATION
Les juges américains sont-ils objectifs ?,Daniel L. Chen,12 Octobre 2017,MICROÉCONOMIE
Coopérer comme les fourmis ou les oiseaux,Adrien Blanchet,2 Octobre 2017,ECONOMIE COMPORTEMENTALE
"Finance, vitesse et opacité",Fany Declerck,1 Octobre 2017,MACROÉCONOMIE
Interdire les pubs pour la malbouffe ?,Pierre Dubois,1 Octobre 2017,SANTÉ
La bulle bitcoin,Bruno Biais,14 Septembre 2017,FINANCE
Transition énergétique : le virage allemand,Stefan Ambec & Claude Crampes,13 Septembre 2017,ENERGIE
"« Flexisécurité », l’occasion manquée des ordonnances",Paul Seabright,6 Septembre 2017,EMPLOI
La stabilité des “blockchains” n’est en réalité pas garantie,Christophe Bisière,20 Juillet 2017,FINANCE
Comment les cours de l’or ou du diamant « stimulent » les guerres africaines,,29 Juin 2017,DÉVELOPPEMENT
Sécuriser les coûts des licenciements pour relancer l’embauche,,28 Juin 2017,EMPLOI
Climat : chronique d'un réchauffement annoncé,Frédéric Cherbonnier,15 Juin 2017,CLIMAT
"Les inégalités, fruits de la mondialisation... ou de l’impuissance politique ?",,8 Juin 2017,CONCURRENCE
Promouvoir les voitures écologiques,Giulia Pavan,2 Juin 2017,ENERGIE
À la merci des éléments,Stefan Ambec,2 Juin 2017,ENERGIE
Google et le pouvoir d’Android,Doh-Shin Jeon,2 Juin 2017,MACROÉCONOMIE
Faire payer l'Europe pour réformer le travail,,18 Mai 2017,MACROÉCONOMIE
"Plus de dépense publique, ce n'est pas la solution",Marc Ivaldi,18 Mai 2017,
Whirlpool ou comment sauver les perdants de la mondialisation,Frédéric Cherbonnier,3 Mai 2017,COP 21
Le risque d’une abstention élevée,,25 Avril 2017,
Lettre ouverte de 25 économistes en faveur de l'Europe,Jean Tirole,17 Avril 2017,
L'impossible sortie de l'euro,,6 Avril 2017,FINANCE
Nous devons assurer la zone euro pour garantir sa survie,,5 Avril 2017,
L'insertion des énergies renouvelables intermittentes,Claude Crampes & Norbert Ladoux,4 Avril 2017,ENERGIE
Faut-il déréguler la finance?,,30 Mars 2017,FINANCE
Macron et Hamon : enjeux et risques de leurs propositions pour la zone euro,Frédéric Cherbonnier,23 Mars 2017,COP 21
Une France isolée serait inaudible,Jean Tirole,22 Mars 2017,
Mettre en place un contrat de travail unique,Jean Tirole,19 Mars 2017,
Placer la traçabilité au cœur des politiques publiques françaises et Européennes,Emmanuelle Auriol,19 Mars 2017,
C’est l’aversion aux inégalités qui justifie l’actualisation dans un monde en croissance,Christian Gollier,17 Mars 2017,FINANCE
"Le risque, notion difficile à appréhender pour les économistes, vitale pour les économies",Jean Tirole,17 Mars 2017,FINANCE
Les limites des modèles comportementaux du big data,Paul Seabright,16 Mars 2017,ECONOMIE NUMÉRIQUE
Payer pour réformer,,2 Mars 2017,
Comment simplifier le financement de notre système de santé,Frédéric Cherbonnier,15 Février 2017,COP 21
"Les « fake news », quelques gouttes d’eau dans une cascade de propagande",,8 Février 2017,
Interdire le cannabis freine-t-il son usage?,Emmanuelle Auriol,27 Janvier 2017,
Supprimons la PAC pour relancer l’Europe,,26 Janvier 2017,AGRICULTURE
Risques et promesses de la Blockchain,,26 Janvier 2017,FINANCE
Un prêt étudiant garanti par l’Etat pour réduire les inégalités,Frédéric Cherbonnier,12 Janvier 2017,COP 21
De l’importance exercée par l’habitat sur la pauvreté,,5 Janvier 2017,
Interview Couple : des revenus égaux jusqu'où ?,Astrid Hopfensitz,15 Décembre 2016,
Le prix Nobel d'économie,Cécile Aubert,8 Décembre 2016,
"La victoire de Trump, une bonne nouvelle pour le climat",,7 Décembre 2016,ENVIRONNEMENT
Interconnexions,Claude Crampes &,28 Novembre 2016,ENERGIE
Comment les «subprimes» ont enfanté Trump,Frédéric Cherbonnier &,25 Novembre 2016,FINANCE
"Brexit, Trump… les chercheurs n’ont rien vu venir",,24 Novembre 2016,
Quelle place faut-il laisser aux plateformes Internet ?,Jacques Crémer,6 Novembre 2016,ECONOMIE NUMÉRIQUE
La nouvelle économie mondialisée entre les mains d’un petit nombre d’entreprises,Jean Tirole,6 Novembre 2016,ECONOMIE NUMÉRIQUE
Comment garantir la liquidité des marchés obligataires ?,,3 Novembre 2016,FINANCE
Forcer les banques à s’assurer contre une faillite,,3 Novembre 2016,FINANCE
La deuxième numérisation de l’industrie électrique : chronique d’une révolution annoncée,Claude Crampes &,25 Octobre 2016,ENERGIE
Que cache le faible taux de chômage américain ?,,25 Octobre 2016,EMPLOI
"L'économie, une science bien gênante",Frédéric Cherbonnier,20 Octobre 2016,SCIENCE
Et si on légalisait les marchés interdits ?,Emmanuelle Auriol,22 Septembre 2016,
Les faiblesses de la science économique ne justifient pas son rejet,,21 Septembre 2016,SCIENCE
"Consommateurs britanniques, changez de fournisseurs!",Claude Crampes &,19 Septembre 2016,ENERGIE
"Financer le nucléaire français, en France et ailleurs",Claude Crampes &,27 Juillet 2016,ENERGIE
L’Union européenne vit son crépuscule,Augustin Landier,7 Juillet 2016,
L’Internet caché des cachalots,,7 Juillet 2016,
Pour des banques paneuropéennes dans la zone euro,,4 Juillet 2016,FINANCE
Electricité : pour en finir avec les tarifs réglementés,Claude Crampes &,30 Juin 2016,ENERGIE
La pluriactivité nous pousse à repenser notre système social,Augustin Landier,21 Juin 2016,
Une autre voie pour réduire le déficit de l'Unédic,Frédéric Cherbonnier,16 Juin 2016,ECONOMIE POLITIQUE
« Brexit » : lettre ouverte à mes enfants,,16 Juin 2016,
Négocier au bon niveau,Frédéric Cherbonnier,10 Juin 2016,ECONOMIE COMPORTEMENTALE
Retour de Nouvelle-Zélande,Claude Crampes &,9 Juin 2016,ENERGIE
Recherche française : il faut changer d'organisation,Augustin Landier,2 Juin 2016,EDUCATION
L’afflux des réfugiés pourrait à terme profiter à l’Europe,,2 Juin 2016,
Pour des banques paneuropéennes,,26 Mai 2016,FINANCE
Les origines économiques du populisme souverainiste,,19 Mai 2016,ECONOMIE POLITIQUE
Intermittence : le problème n'est pas le déficit mais la fraude,Frédéric Cherbonnier,12 Mai 2016,ECONOMIE COMPORTEMENTALE
La flexibilité du système électrique,Claude Crampes &,11 Mai 2016,ENERGIE
"Sexe, drogue, clandestins : et si on légalisait ?",Emmanuelle Auriol,8 Mai 2016,POLITIQUES PUBLIQUES
Les leçons d'un Nobel,Jean Tirole,4 Mai 2016,EDUCATION
"L’innovation, meilleure amie de la publication scientifique ?",,28 Avril 2016,EDUCATION
Libéralisation des marchés européens de l’électricité : un verre à moitié plein,Claude Crampes &,27 Avril 2016,ENERGIE
Gestion de l’Eau et des Risques Associés,Nicolas Treich,22 Avril 2016,ENVIRONNEMENT
La France aveuglée par ses tabous,Augustin Landier,21 Avril 2016,FINANCE
Pour une hyperdémocratie,,14 Avril 2016,POLITIQUES PUBLIQUES
Des flux et des stocks,Claude Crampes &,7 Avril 2016,ENERGIE
Les chiffres frappants de l’ubérisation,,5 Avril 2016,ECONOMIE NUMÉRIQUE
Notre-Dame-des-Landes : les limites du référendum,Nicolas Treich,22 Mars 2016,POLITIQUES PUBLIQUES
L’influence des médias sur les verdicts,,18 Mars 2016,ECONOMIE COMPORTEMENTALE
"On ne naît pas entrepreneur, on le devient en essayant",Augustin Landier,17 Mars 2016,EMPLOI
"Le mécanisme de capacité, moins ésotérique qu’il n’y parait",Claude Crampes &,15 Mars 2016,ENERGIE
"La loi travail, une entrée dans le nouveau monde",Augustin Landier,15 Mars 2016,EMPLOI
Financer de nouvelles LGV ? Optimisme raisonnable pour Bordeaux-Toulouse !,Marc Ivaldi,10 Mars 2016,TRANSPORT
Le projet de loi El Khomri représente une avancée pour les plus fragiles,Augustin Landier & Jean Tirole,4 Mars 2016,
Le sexisme se vend aussi sur eBay,,4 Mars 2016,ECONOMIE COMPORTEMENTALE
"La confiance, chaînon manquant de la réforme du travail",Frédéric Cherbonnier,26 Février 2016,POLITIQUES PUBLIQUES
Gaz et électricité à tous les étages,Claude Crampes &,25 Février 2016,ENERGIE
Sortir la communication financière de sa préhistoire comptable,Augustin Landier,11 Février 2016,FINANCE
Il faut aussi appliquer la loi aux taxis,,11 Février 2016,CONCURRENCE
Les incitations économiques finissent par s’émousser,,8 Février 2016,BEHAVIORAL ECONOMICS
"La “clause du grand-père"", une méthode pour réformer",,4 Février 2016,
En attendant la COP 22,Claude Crampes &,27 Janvier 2016,ENERGIE
Pour une réforme d'envergure du marché du travail,Frédéric Cherbonnier,21 Janvier 2016,POLITIQUES PUBLIQUES
"La hausse des taux, une bonne nouvelle pour les banques",Augustin Landier,7 Janvier 2016,FINANCE
Souffrir ou laisser mourir,,7 Janvier 2016,
On assiste à une montée de la pluriactivité,Augustin Landier,4 Janvier 2016,
Un succès incompris : le marché européen du carbone,Claude Crampes &,18 Décembre 2015,ENERGIE
Comment réagir à la globalisation ?,,17 Décembre 2015,FINANCE
Comment réagir à la globalisation ?,,17 Décembre 2015,FINANCE
La Grande Bretagne encalminée,Claude Crampes &,15 Décembre 2015,ENERGIE
Accord de Paris : encore un long chemin,Jean Tirole,14 Décembre 2015,CLIMAT
Inciter les consommateurs à adopter des comportements écologiques peut avoir des effets indésirables,Céline Nauges,14 Décembre 2015,CLIMAT
"Les subventions aux énergies vertes, une confusion entre objectif et moyens",Claude Crampes & Stefan Ambec,14 Décembre 2015,ENERGIE
Accord sur le climat : générations présentes 1 – générations futures 0,Christian Gollier,14 Décembre 2015,CLIMAT
"La politique monétaire, un outil à réinventer",Frédéric Cherbonnier,9 Décembre 2015,FINANCE
Manger sain et équilibré est-il bon pour le climat ?,,28 Novembre 2015,AGRICULTURE
COP21 : dépassons les déclarations d’intentions,Christian Gollier & Jean Tirole,27 Novembre 2015,
Quelles politiques publiques pour sauver la forêt amazonienne ?,,25 Novembre 2015,CLIMAT
Effacements de la consommation d’électricité : la prime à l’erreur,Claude Crampes &,23 Novembre 2015,ENERGIE
COP21 : un sommet pour rien !,Emmanuel Thibault & Frédéric Cherbonnier,20 Novembre 2015,CLIMAT
Gare à l'illusion d'une Silicon Valley à la française,Augustin Landier,19 Novembre 2015,FINANCE
"L’enfant unique en Chine, trente-cinq ans d’une politique inutile",,12 Novembre 2015,DÉVELOPPEMENT
"Pré-COP21 à Paris : Russie, Chine, Etats-Unis… pourquoi ils pourraient torpiller l’espoir d’un accord ambitieux",Christian Gollier,10 Novembre 2015,CLIMAT
Qui paiera la facture climatique et surtout comment ?,,5 Novembre 2015,CLIMAT
Le côté lumineux des subventions aux renouvelables,Claude Crampes &,4 Novembre 2015,ENERGIE
Effacement et distorsions contractuelles dans la vente d'électricité au détail,Claude Crampes &,19 Octobre 2015,ENERGIE
Le deuil rend-il créatif ?,,16 Octobre 2015,SCIENCE
Réorienter l’assurance vie vers le financement des investissements longs,Christian Gollier,16 Octobre 2015,FINANCE
Attention aux assureurs sans gènes !,Philippe De Donder,14 Octobre 2015,
Pourquoi le prix du carbone est une arme efficace contre le réchauffement climatique ?,Claude Crampes &,30 Septembre 2015,ENERGIE
La détérioration de la qualité de l’air : une bonne nouvelle pour le climat ?,Stefan Ambec,30 Septembre 2015,ENVIRONNEMENT
Of price and men¹,Claude Crampes &,29 Septembre 2015,ENERGIE
Un prix unique du carbone pour réduire les émissions,Christian Gollier,10 Septembre 2015,ENERGIE
"Electricité, propre à consommer",Claude Crampes &,10 Septembre 2015,ENERGIE
"Evaluer le risque climatique, un défi pour les économistes",Nicolas Treich,18 Août 2015,CLIMAT
Climat : la taxe sur les carburants plus efficace que les normes,Mathias Reynaert,27 Juillet 2015,CLIMAT
Je rêvais d’un autre monde,Claude Crampes &,23 Juillet 2015,ENERGIE
Une France attractive dans une Europe dynamique,Marc Ivaldi,20 Juillet 2015,
COP21 : pourquoi TSE défend la création d'un marché mondial du CO2,Christian Gollier,17 Juillet 2015,CLIMAT
"Des réformes, dans l’intérêt de la Grèce",Jacques Crémer,17 Juillet 2015,
"Le principe pollueur-payeur, tout simplement",Christian Gollier,17 Juillet 2015,CLIMAT
Les investissements responsables,Christian Gollier,7 Juillet 2015,CLIMAT
Qui procure la liquidité au marché ?,,2 Juillet 2015,FINANCE
Débat économique : le surplace français,Augustin Landier,2 Juillet 2015,
Tout ce que vous avez toujours voulu savoir sur l’électricité sans jamais oser le demander,Claude Crampes &,29 Juin 2015,ENERGIE
Le nouveau mythe de Sisyphe : l’encadrement administratif des marchés de l’électricité,Claude Crampes &,16 Juin 2015,ENERGIE
Pour un accord efficace sur le climat,Christian Gollier & Jean Tirole,12 Juin 2015,CLIMAT
Les îles électriques,Claude Crampes &,28 Mai 2015,ENERGIE
Pour une vraie décentralisation,Augustin Landier,28 Mai 2015,
II faut repenser notre pilotage budgétaire,,21 Mai 2015,
Erreur ou fraude : la sanction des chercheurs,,21 Mai 2015,SCIENCE
A chacun selon ses capacités,Claude Crampes &,5 Mai 2015,ENERGIE
La baisse du prix du pétrole annonce un changement de paradigme,Ian Schindler,4 Mai 2015,MACROÉCONOMIE
"Les taux bas, un facteur d'instabilité financière",,30 Avril 2015,FINANCE
Objectifs environnementaux et sociétaux : halte aux faux-fuyants,Jean Tirole,30 Avril 2015,
Révolution génétique : mieux assurer pour rassurer,Emmanuel Thibault & Frédéric Cherbonnier,23 Avril 2015,HEALTH
Des taxes contre l’obésité ?,Céline Bonnet,20 Avril 2015,
Subventions vertes pour les électro-intensifs,Claude Crampes &,16 Avril 2015,ENERGIE
La révolution fiscale passe par le modèle social,Augustin Landier,16 Avril 2015,FINANCE
Des barrières douanières pour protéger le climat,,9 Avril 2015,ENVIRONNEMENT
"Electrons libres, mais sous surveillance",Claude Crampes &,4 Avril 2015,ENERGIE
Pour un Jobs Act à la française,Augustin Landier & Jean Tirole,30 Mars 2015,
L’équation complexe de la détermination du genre,,26 Mars 2015,
Électrons sans frontières,Claude Crampes &,18 Mars 2015,ENERGIE
Il faut repenser les aides au monde agricole,Emmanuel Thibault & Frédéric Cherbonnier,12 Mars 2015,AGRICULTURE
L’entreprise moderne est née à Toulouse,Sébastien Pouget,9 Mars 2015,HISTOIRE
Effacement : pourquoi faire simple quand on peut faire compliqué ?,,9 Mars 2015,ENERGIE
"Investir dans la jeunesse des banlieues, une urgence nationale",,6 Mars 2015,
Influencer l’air de rien citoyens et consommateurs,Nicolas Treich,5 Mars 2015,
Ces gisements d’emplois que la France n’exploite pas,Augustin Landier,4 Mars 2015,
Les mauvais choix français conduisent à l'inégalité par le chômage,Augustin Landier,27 Février 2015,EDUCATION
A la tête du client,Claude Crampes &,26 Février 2015,ENERGIE
La solution pour la Grèce?? Une privatisation XXL,,26 Février 2015,
Le transport de l'électricité est devenu un enjeu européen,,23 Février 2015,ENERGIE
Comment éviter une nouvelle crise du surendettement ?,,19 Février 2015,FINANCE
Pourquoi les entreprises délaissent la science ?,,13 Février 2015,CONCURRENCE
La disparition,Claude Crampes &,10 Février 2015,ENERGIE
Politique du logement : il faut que ça déménage !,Emmanuel Thibault & Frédéric Cherbonnier,5 Février 2015,
Tendances Économiques et Espoir pour le Climat,Ian Schindler,2 Février 2015,ENERGY
"La potion Draghi, une révolution pour la finance européenne",Augustin Landier,29 Janvier 2015,FINANCE
Wat€r Mu$ic,Claude Crampes &,29 Janvier 2015,ENERGY
La compensation centralisée crée-t-elle plus de risques qu’elle n’en assure ?,,28 Janvier 2015,FINANCE
Grèce : Weimar ou Pearl Harbour ?,,22 Janvier 2015,
2015 Année climatique,Stefan Ambec,22 Janvier 2015,ENVIRONNEMENT
L’effacement de la prime à l’effacement,Claude Crampes &,12 Janvier 2015,ENERGIE
Taxer les géants du numérique,Jacques Crémer,5 Janvier 2015,ECONOMIE NUMÉRIQUE
"Les altruistes, grands gagnants de la sélection naturelle",Ingela Alger,5 Janvier 2015,
Le tour de passe-passe Navigo,Marc Ivaldi,26 Décembre 2014,TRANSPORT
"Quis custodiet ipsos custodes? Jean Tirole, la concurrence imparfaite et la régulation de l’industrie électrique",Claude Crampes &,18 Décembre 2014,ENERGIE
Financement de la dépendance : la loi du senior,Emmanuel Thibault & Frédéric Cherbonnier,18 Décembre 2014,HEALTH
"Relancer le crédit aux PME ? C'est possible, voici comment",Augustin Landier,12 Décembre 2014,FINANCE
"Conférence sur le climat : à Lima, il faut aller plus loin !",Christian Gollier & Jean Tirole,9 Décembre 2014,ENVIRONNEMENT
L'éthique face au marché,Jean Tirole,8 Décembre 2014,COMPETITION POLICY
"Sivens, un drame de la décision publique à la française",Nicolas Treich,5 Décembre 2014,ENVIRONNEMENT
Relancer l'Europe par la défense,,4 Décembre 2014,
Une concurrence sous perfusion pour la vente de gaz naturel,Claude Crampes &,28 Novembre 2014,CONCURRENCE
Les smartphones à l'origine d'un boom des accidents domestiques,,28 Novembre 2014,
"L’écologie, c’est le plus souvent un coût",Nicolas Treich,27 Novembre 2014,ENVIRONNEMENT
L’école française d’économie,,27 Novembre 2014,
Technologie et régulation : une équation économique imparfaite,Jacques Crémer,26 Novembre 2014,CONCURRENCE
"Sans véritable formation, pas de croissance",Emmanuel Thibault & Frédéric Cherbonnier,13 Novembre 2014,EDUCATION
Sivens et la nécessaire réforme de la démocratie locale,Augustin Landier,6 Novembre 2014,FINANCE
Les économistes au parlement,Claude Crampes &,6 Novembre 2014,ENERGIE
La part de hasard de la croissance chinoise,,30 Octobre 2014,DÉVELOPPEMENT
Ecologie politique,Claude Crampes &,15 Octobre 2014,ENERGIE
La croissance passe avant tout !,Emmanuel Thibault & Frédéric Cherbonnier,9 Octobre 2014,
Le véritable enjeu des débats sur le principe de précaution,Nicolas Treich,8 Octobre 2014,
Le trader arrosé,,3 Octobre 2014,FINANCE
Réformer : l’anti-modèle Hollande,Augustin Landier,2 Octobre 2014,
L’électricité verte à prix coûtant,Claude Crampes &,1 Octobre 2014,ENERGIE
Quand trop de régulation financière tue le goût du risque,,25 Septembre 2014,FINANCE
L’entreprise moderne est née en 1372 à Toulouse,Sébastien Pouget,19 Septembre 2014,FINANCE
Il faut réorienter l’apprentissage en faveur des plus fragiles,Jean Tirole,18 Septembre 2014,EDUCATION
Que peut-on espérer de la compensation centralisée ?,,18 Septembre 2014,FINANCE
"C’est rare, c’est pas cher, c’est… l’électricité",Claude Crampes &,15 Septembre 2014,ENERGIE
Innovation pharmaceutique et réglementation,Pierre Dubois,9 Septembre 2014,COP 21
"Finis les blockbusters, l'industrie pharmaceutique doit se réinventer",Pierre Dubois,9 Septembre 2014,HEALTH
"Rentrée verte, croissance inerte",Claude Crampes &,1 Septembre 2014,
Faut-il privatiser l'aéroport de Toulouse ?,Marc Ivaldi,30 Juillet 2014,TRANSPORT
Concilier équité et efficacité économique,Frédéric Cherbonnier,21 Juillet 2014,FINANCE
"Séparation des pouvoirs, intelligence collective et incohérence politique",Claude Crampes &,9 Juillet 2014,
Pour une Europe à deux étages,Emmanuel Thibault & Frédéric Cherbonnier,3 Juillet 2014,
Faisons la décentralisation financière !,,26 Juin 2014,
Suffit-il d’avoir le choix (de son fournisseur d’énergie) pour être libre (d’en changer) ?,Claude Crampes &,24 Juin 2014,CONCURRENCE
5 graphiques pour comprendre à quel point le monde échoue à maîtriser sa consommation d'énergies,Christian Gollier,23 Juin 2014,ENERGIE
"Le smic est périmé, il nuit aujourd’hui à l’emploi",Augustin Landier,20 Juin 2014,
"Le régime des intermittents du spectacle : injuste, inefficace, coûteux, sensible aux abus et pas vraiment contrôlé...",Philippe De Donder,17 Juin 2014,
Faut-il interdire le trading à haute fréquence,,17 Juin 2014,FINANCE
L’industrie électrique libéralisée a besoin de contrats de long terme,Claude Crampes &,13 Juin 2014,
Inégalités à la française : en finir avec l’hypocrisie,Augustin Landier,12 Juin 2014,
L’Europe en manque d’énergie,Claude Crampes &,26 Mai 2014,ENERGIE
Zone euro : ne restons pas au milieu du gué !,Emmanuel Thibault & Frédéric Cherbonnier,23 Mai 2014,FINANCE
Oui à l’écotaxe sociale,Stefan Ambec,20 Mai 2014,ENVIRONNEMENT
"Citoyens européens, les scientifiques ont besoin de vous !",Karine Van Der Straeten,20 Mai 2014,
Le langage de nos émotions,,20 Mai 2014,
"Cette dette qui enfle, qui enfle, qui enfle...",,19 Mai 2014,
Pour une réduction économique des émissions de CO2,Claude Crampes &,12 Mai 2014,
"La technologie, outil de lutte contre la pauvreté",,28 Avril 2014,DÉVELOPPEMENT
Des tarifs et des prix,Claude Crampes &,28 Avril 2014,ENERGIE
Refonder l’assurance maladie,Jean Tirole,28 Avril 2014,
Pacte de responsabilité : le grand gâchis,Augustin Landier,28 Avril 2014,
Dépénaliser le cannabis pour reprendre le contrôle,Emmanuelle Auriol,14 Avril 2014,POLITIQUES PUBLIQUES
Une feuille de route pour Madame Royal,Claude Crampes &,11 Avril 2014,ENERGIE
Les risques de l'assurance fantôme,,9 Avril 2014,FINANCE
"Limited government, consent, and supermajority",,8 Avril 2014,POLITICAL ECONOMICS
Fiscalité locale : il faut responsabiliser davantage les élus,Emmanuel Thibault & Frédéric Cherbonnier,3 Avril 2014,
Des taxes contre l'obésité,Pierre Dubois,1 Décembre 2008,HEALTH
